[{"__symbolic":"module","version":3,"metadata":{"FroalaViewModule":{"__symbolic":"class","decorators":[{"__symbolic":"call","expression":{"__symbolic":"reference","module":"@angular/core","name":"NgModule"},"arguments":[{"declarations":[{"__symbolic":"reference","module":"./view.directive","name":"FroalaViewDirective"}],"exports":[{"__symbolic":"reference","module":"./view.directive","name":"FroalaViewDirective"}]}]}],"statics":{"forRoot":{"__symbolic":"function","parameters":[],"value":{"ngModule":{"__symbolic":"reference","name":"FroalaViewModule"},"providers":[]}}}}}},{"__symbolic":"module","version":1,"metadata":{"FroalaViewModule":{"__symbolic":"class","decorators":[{"__symbolic":"call","expression":{"__symbolic":"reference","module":"@angular/core","name":"NgModule"},"arguments":[{"declarations":[{"__symbolic":"reference","module":"./view.directive","name":"FroalaViewDirective"}],"exports":[{"__symbolic":"reference","module":"./view.directive","name":"FroalaViewDirective"}]}]}],"statics":{"forRoot":{"__symbolic":"function","parameters":[],"value":{"ngModule":{"__symbolic":"reference","name":"FroalaViewModule"},"providers":[]}}}}}}]