[{"__symbolic":"module","version":3,"metadata":{"FroalaEditorModule":{"__symbolic":"class","decorators":[{"__symbolic":"call","expression":{"__symbolic":"reference","module":"@angular/core","name":"NgModule"},"arguments":[{"declarations":[{"__symbolic":"reference","module":"./editor.directive","name":"FroalaEditorDirective"}],"exports":[{"__symbolic":"reference","module":"./editor.directive","name":"FroalaEditorDirective"}]}]}],"statics":{"forRoot":{"__symbolic":"function","parameters":[],"value":{"ngModule":{"__symbolic":"reference","name":"FroalaEditorModule"},"providers":[]}}}}}},{"__symbolic":"module","version":1,"metadata":{"FroalaEditorModule":{"__symbolic":"class","decorators":[{"__symbolic":"call","expression":{"__symbolic":"reference","module":"@angular/core","name":"NgModule"},"arguments":[{"declarations":[{"__symbolic":"reference","module":"./editor.directive","name":"FroalaEditorDirective"}],"exports":[{"__symbolic":"reference","module":"./editor.directive","name":"FroalaEditorDirective"}]}]}],"statics":{"forRoot":{"__symbolic":"function","parameters":[],"value":{"ngModule":{"__symbolic":"reference","name":"FroalaEditorModule"},"providers":[]}}}}}}]