[{"__symbolic":"module","version":3,"metadata":{"FERootModule":{"__symbolic":"class","decorators":[{"__symbolic":"call","expression":{"__symbolic":"reference","module":"@angular/core","name":"NgModule"},"arguments":[{"imports":[{"__symbolic":"call","expression":{"__symbolic":"select","expression":{"__symbolic":"reference","module":"./editor","name":"FroalaEditorModule"},"member":"forRoot"}},{"__symbolic":"call","expression":{"__symbolic":"select","expression":{"__symbolic":"reference","module":"./view","name":"FroalaViewModule"},"member":"forRoot"}}],"exports":[{"__symbolic":"reference","module":"./editor","name":"FroalaEditorModule"},{"__symbolic":"reference","module":"./view","name":"FroalaViewModule"}]}]}]}},"exports":[{"from":"./editor","export":["FroalaEditorDirective","FroalaEditorModule"]},{"from":"./view","export":["FroalaViewDirective","FroalaViewModule"]}]},{"__symbolic":"module","version":1,"metadata":{"FERootModule":{"__symbolic":"class","decorators":[{"__symbolic":"call","expression":{"__symbolic":"reference","module":"@angular/core","name":"NgModule"},"arguments":[{"imports":[{"__symbolic":"call","expression":{"__symbolic":"select","expression":{"__symbolic":"reference","module":"./editor","name":"FroalaEditorModule"},"member":"forRoot"}},{"__symbolic":"call","expression":{"__symbolic":"select","expression":{"__symbolic":"reference","module":"./view","name":"FroalaViewModule"},"member":"forRoot"}}],"exports":[{"__symbolic":"reference","module":"./editor","name":"FroalaEditorModule"},{"__symbolic":"reference","module":"./view","name":"FroalaViewModule"}]}]}]}},"exports":[{"from":"./editor","export":["FroalaEditorDirective","FroalaEditorModule"]},{"from":"./view","export":["FroalaViewDirective","FroalaViewModule"]}]}]